Budget Item Code,Georgian Name,Budget Item Type,English Translation
45 09,საქართველოს საპატრიარქოს ა ა იპ – ტბელ აბუსერისძის სახელობის უნივერსიტეტისათვის გადასაცემი გრანტი,Program,Grant for Georgian Patriarchate NNLP Tbel Abuseridze University
33 04,კულტურული მემკვიდრეობის დაცვა და სამუზეუმო სისტემის სრულყოფა,Program,Protection Of Cultural Heritage And Improvement Of Museum System
37 01 09,სასოფლო-სამეურნეო ტექნიკის სესხისა და ლიზინგის ვალდებულებების დაფარვა,Program,Conceal Loan and Leasing Liabilities in Agricultural Technology
39 03,სპორტის სფეროში დამსახურებულ მოღვაწეთა სოციალური დაცვის ღონისძიებები,Program,Social Protection Measures For Celebrity Sportsmen
53 11 01,ორმხრივი რეგიონალური და რეგიონთაშორისი პროექტები გერმანიის საერთაშორისო თანამშრომლობის საზოგადოება,Program,Bilateral Regional And Inter-Regional Projects German Society For International Cooperation
53 05,საქართველოს პრეზიდენტის სარეზერვო ფონდი,Program,Presidential Reserve Fund
47 01,სტატისტიკური სამუშაოების დაგეგმვა და მართვა,Program,Planning And Management Of Statistics 
24 01 02,სახელმწიფო საწარმოების მართვა,Program,State Enterprise Management
38 06,გარემოსდაცვით ინფორმაციაზე ხელმისაწვდომობისა და გარემოსდაცვითი განათლების ხელშეწყობის პროგრამა,Program,Access to Environmental Information And Environmental Education Promotion Program
33 02,ხელოვნების დარგების განვითარების ხელშეწყობა და პოპულარიზაცია საქართველოში და მისი ფარგლებს გარეთ,Program,"Facilitated Development Of Arts In Georgia And Its
Promotion Overseas"
49 03,საერთაშორისო ორგანიზაციებში საქართველოს მონაწილეობიდან გამომდინარე არსებული ვალდებულებები,Program,Existing Obligations Based On Georgia's Participation in International Organizations
37 01 07,შეღავათიანი აგროკრედიტები,Program,Stimulation of Regional Agriculture Land Use
35 01 12,ნარკომანიით დაავადებულ პირთა რეაბილიტაციის ხელშეწყობის პროგრამის მართვა,Program,Promote The Rehabilitation of Drug Addicts Program Management
45 12,ა(ა)იპ – ახალქალაქისა და კუმურდოს ეპარქიის სასწავლო ცენტრისთვის გადასაცემი გრანტი,Program,Grant for NNLP Akhalkalaki and Kumurdo Diocese Center
24 01 03,სახელმწიფო ობიექტების მოვლა შენახვა,Program,Maintenance of State Facilities
17 00,სახელმწიფო რწმუნებულის – გუბერნატორის ადმინისტრაცია ადიგენის ასპინძის ახალციხის ახალქალაქის ბორჯომისა და ნინოწმინდის მუნიციპალიტეტებში,Spending Agency,"Administration of the State Representative – Governor in ADIGENI, ASPINDZA, AKHALTSIKHE, AKHALKALAKI, BORJOMI and NINOTSMINDA Municipalities"
45 05,საქართველოს საპატრიარქოს ბათუმის წმინდა მოწამე ეკატერინეს სახელობის სათნოების სავანისათვის გადასაცემი გრანტი,Program,Grant For Patriarchate of Georgia Batumi Saint Catherine's Monastery
35 01 06,ადამიანით ვაჭრობის ტრეფიკინგის მსხვერპლთა დაცვა და დახმარება,Program,Protection And Support Of Victims Of Human Trafficking
24 05,აკრედიტაციის პროცესის მართვა და განვითარება,Program,Management And Development Of Accreditation Process
15 00,სახელმწიფო რწმუნებულის – გუბერნატორის ადმინისტრაცია დუშეთის თიანეთის მცხეთისა და ყაზბეგის მუნიციპალიტეტებში,SpendingAgency,"Administration of the State Representative – Governor in DUSHETI,
TIANETI, MTSKHETA and KAZBEGI Municipalities"
35 02,სოციალური დაცვა და საპენსიო უზრუნველყოფა,Program,Social Security and Pensions
43 01,სსიპ კონკურენციისა და სახელმწიფო შესყიდვების სააგენტო,Program,NNLP Agency of Competition And State Procurement
38 05,სანერგე მეურნეობის სისტემის ჩამოყალიბება და მართვა,Program,Creation and Management of Sapling Forestry System
24 07,ბაქო–თბილისი–ყარსის სარკინიგზო მაგისტრალის მშენებლობისათვის მარაბდა–ახალქალაქი–კარწახის მონაკვეთზე კერძო საკუთრებაში არსებული მიწების გამოსყიდვა კომპენსაცია,Program,Compensation For The Private Land Acquisition Along Marabda-Akhalkalaki-Kartsakhi Section For The Construction Of Baku-Tbilisi-Karsi Railway
35 03 03,მოსახლეობისათვის სამედიცინო მომსახურების მიწოდება პრიორიტეტულ სფეროებში,Program,Provision Of Healthcare Services To General Public In Priority Areas
27 00,საქართველოს სასჯელაღსრულების პრობაციისა და იურიდიული დახმარების საკითხთა სამინისტრო,SpendingAgency,Ministry Of Corrections And Legal Assistance of Georgia
24 01,ეკონომიკური პოლიტიკა და სახელმწიფო ქონების მართვა,Program,Economic Policy And State Property Management 2
32 04 03 03,მეცნიერთა ხელშეწყობა,Program,Support to Scientists
08 00,საქართველოს უზენაესი სასამართლო,SpendingAgency,Supreme Court Of Georgia
36 03,სასისტემო მნიშვნელობის ელექტროგადამცემი ქსელის განვითარება,Program,Compensation For The Consumed Natural Gas In High Terrain Regions Of Kazbegi And Dusheti Municipalities
49 04 01,ავტონომიური რესპუბლიკებისათვის გადასაცემი ტრანსფერები,Program,Transfers for Autonomous Republics
23 01,სახელმწიფო ფინანსების მართვა,Program,Public Funds Management
35 03 04 07,სასწრაფო გადაუდებელი დახმარება და სამედიცინო ტრანსპორტირება,Program,Emergency Assistance and Medical Transportation
30 04,შინაგან საქმეთა სამინისტროს სისტემის მოსამსახურეთა ჯანმრთელობის დაცვის მომსახურებით უზრუნველყოფა,Program,Provision of Healthcare Services to the System of the Ministry of Interior
36 01 03,მოსახლეობის ელექტროენერგიითა და ბუნებრივი აირით მომარაგების გაუმჯობესება ელექტროგადამცემი ხაზებისა და გამანაწილებელი ინფრასტრუქტურის მშენებლობა,SpendingAgency,Improvement of Electricity and Gas Supply Building Transmission Lines and Distribution Infrastructure
32 02,ზოგადი განათლება,Program,General Education
25 02 02,გზების მშენებლობა და მოვლა-შენახვა,Program,Construction And Maintenance Of Roads
14 00,სახელმწიფო რწმუნებულის – გუბერნატორის ადმინისტრაცია ახმეტის გურჯაანის დედოფლისწყაროს თელავის ლაგოდეხის საგარეჯოს სიღნაღისა და ყვარლის მუნიციპალიტეტებში,SpendingAgency,"Administration of the State Representative – Governor in AKHMETA, GURJAANI, DEDOPLISTSKARO, TELAVI, LAGODEKHI, SAGAREJO, SIGHNAGHI and KVARELI Municipalities"
23 04,ფინანსების მართვის ელექტრონული და ანალიტიკური უზრუნველყოფა,Program,Electronic Support And Analysis Of Funds Management KJMB V
49 04 01 02,აჭარის ავტონომიური რესპუბლიკისათვის გადასაცემი ტრანსფერი,Program,Transfer for Autonomous Republic of Adjara
36 02,ენერგეტიკული ინფრასტრუქტურის მშენებლობა რეაბილიტაცია,Program,Construction And Rehabilitation Of Energy Infrastructure
53 09,სოფლის მხარდაჭერის პროგრამა,Program,Rural Support Program
45 06,საქართველოს საპატრიარქოს წმინდა ანდრია პირველწოდებულის სახელობის სასულიერო სწავლების ცენტრისათვის გადასაცემი გრანტი,Program,Grant for St. Andrew First-Called Theological Training Centre
35 03 02 05,პროფესიულ დაავადებათა პრევენცია,Program,Professional Disease Prevention
45 11,საქართველოს საპატრიარქოს ტელევიზიის სუბსიდირების ღონისძიებები,Program,Subsidy Measures for Georgian Patriarchate's TV
38 00,საქართველოს გარემოსა და ბუნებრივი რესურსების დაცვის სამინისტრო,SpendingAgency,Ministry of Environment and Natural Resources Protection of Georgia
32 04 02 02,სამეცნიერო დაწესებულებების პროგრამები,Program,Scientific Institutions
32 03 03,განათლების მართვის საინფორმაციო სისტემა,Program,Education Management Information System
35 03 02 03,ეპიდზედამხედველობის პროგრამა,Program,Epidemic Surveillance Program
18 00,სახელმწიფო რწმუნებულის – გუბერნატორის ადმინისტრაცია ბოლნისის გარდაბნის დმანისის თეთრი წყაროს მარნეულის წალკის მუნიციპალიტეტებსა და თვითმმართველ ქალაქ რუსთავში,SpendingAgency,"Administration of the State Representative – Governor in BOLNISI, GARDABANI, DMANISI, TETRITSKARO, MARNEULI, TSALKA Municipalities and the Self-Governing City of RUSTAVI"
32 04 03 01,სამეცნიერო გრანტების გაცემისა და სამეცნიერო კვლევების ხელშეწყობა,Program,STIMULATION OF SCIENTIFIC GRANTS AND STUDIES
35 02 02,სოციალური დახმარებები,Program,Social Security
32 01,განათლებისა და მეცნიერების სფეროში სახელმწიფო პოლიტიკის შემუშავება და პროგრამების მართვა,Program,National Policymaking And Program Management In Education And Science
48 00,ა ა იპ – საზოგადოებრივი ჯანდაცვის ცენტრალური რეფერალური ლაბორატორია,SpendingAgency,NNLP – Central Referral Laboratory of Public Health Care
49 00,სსიპ - საქართველოს ეროვნული საინვესტიციო სააგენტო,SpendingAgency,NNLP Georgian National Investment Agency
35 03 04 03,ბავშვთა ონკოჰემატოლოგიური მომსახურება,Program,Children Hematological Services
37 03,მევენახეობა მეღვინეობის განვითარება,Program,Development Of Viticulture And Winemaking
26 00,საქართველოს იუსტიციის სამინისტრო,SpendingAgency,Ministry Of Justice
07 00,საქართველოს საკონსტიტუციო სასამართლო,SpendingAgency,Constitutional Court Of Georgia
47 02,სტატისტიკური სამუშაოების სახელმწიფო პროგრამა,Program,State Program Of Statistics
33 04 01,მუზეუმების ხელშეწყობა,Program,Development of Museums
41 00,საქართველოს სახალხო დამცველის აპარატი,SpendingAgency,Public Defender’s Office Of Georgia
24 06,ტურიზმის განვითარების ხელშეწყობა,Program,Stimulation Of Tourism Development
36 04 03,"220კვ ""ახალციხე-ბათუმი"" ხაზის მშენებლობა (მსოფლიო ბანკი)",Program,"220 kv Line Building For ""Akhaltsikhe-Batumi"" Line(World Bank)"
36 03 02,ვარდნილისა და ენგურის ჰიდროელექტროსადგურების რეაბილიტაციის პროექტი ევროპის საინვესტიციო ბანკი ევროკავშირი,Program,"Vardnili And Enguri Hydropower Rehabilitation Project European Investment Bank, The European Union"
35 03 02 06,პირველადი ჯანდაცვის რეფორმის მხარდაჭერის პროექტი (EC),Program,Primary Healthcare Perform Project
43 02,სახელმწიფო სექტორის ფინანსური მართვის მხარდაჭერის პროექტი (WB–SIDA–ნიდერლანდი– DFID),Program,Public Sector Financial Management Support Project (WB-SIDA- Netherlands-DFID)
28 01 01,საგარეო პოლიტიკის დაგეგმვა და მართვა,Program,Foreign Policy Planning And Management
29 04,თავდაცვის სფეროში სამეცნიერო კვლევების ხელშეწყობა,Program,Stimulation Of Scientific Research In Defense
32 04 03 04,სოფლის მეურნეობის დარგში მეცნიერთა ხელშეწყობა,Program,Stimulation of Scientists In Agriculture
35 02 03,სოციალური რეაბილიტაცია და ბავშვზე ზრუნვა,Program,Social Rehabilitation And Child Care
36 02 03 01,"შავი ზღვის ელექტროგადამცემი ქსელის პროექტი (KfW, EIB, EBRD)",Program,"Black See Power Energy Network Project (KfW, EIB, EBRD)"
51 00,სსიპ საქართველოს ეროვნული საინვესტიციო სააგენტო,SpendingAgency,
29 02,სამხედრო განათლების განვითარება,Program,Development Of Military Education
35 02 01,მოსახლეობის საპენსიო უზრუნველყოფა,Program,Payment Of Pensions
45 03,ა ა იპ – ბათუმისა და ლაზეთის ეპარქიის საგანმანათლებლო ცენტრისათვის გადასაცემი გრანტი,Program,Grant For Educational Centre for Diocese of Batumi And Lazeti 
37 01 04,სასოფლო სამეურნეო წარმოების ინტენსიფიკაცია,Program,Modernization Of Melioration Systems
53 11 03,აჭარის მყარი ნარჩენების პროექტი ევროპის რეკონსტრუქციისა და განვითარების ბანკი,Program,Solid Waste Project of Adjara European Reconstruction And Development Bank
35 03 04 05,ინკურაბელურ პაციენტთა პალიატიური მზრუნველობა,Program,Palliative care for incurable patients
32 02 09,სასჯელაღსრულების დაწესებულებებში განათლების მიღების ხელმისაწვდომობის პროგრამა,Program,Program For Simulation Of Education At Penitentiary System Institutions
53 02,საშინაო სახელმწიფო ვალდებულებების მომსახურება და დაფარვა,Program,Service And Repayment Of Domestic Debt
32 04 04,სახელმწიფო სასწავლო სამაგისტრო გრანტები და ახალგაზრდების წახალისება,Program,"State Education, Master's Degree Grants And Youth Facilitation"
58 04 02,ადგილობრივი თვითმმართველი ერთეულებისათვის გადასაცემი ტრანსფერები,Program,Transfers For Local Self-Government Entities 
35 03 04 08,სოფლის ექიმი,Program,Rural Doctors
47 04,შინამეურნეობების ინტეგრირებული კვლევის პროგრამა,Program,Integrated Household Survey Program
35 03 01,ჯანმრთელობის დაზღვევა,Program,Health Insurance
38 03,გარემოს დაცვის სფეროში მონიტორინგი პროგნოზირება და პრევენცია,Program,"Monitoring, Projections And Prevention In The Environment"
13 00,სახელმწიფო რწმუნებულის – გუბერნატორის ადმინისტრაცია ბაღდათის ვანის ზესტაფონის თერჯოლის სამტრედიის საჩხერის ტყიბულის წყალტუბოს ჭიათურის ხარაგაულის ხონის მუნიციპალიტეტებსა და თვითმმართველ ქალაქ ქუთაისში,SpendingAgency,"Administration of the State Representative – Governor in BAGHDATI, VANI, ZESTAFONI, SAMTREDIA, SACHKHERE, TKIBULI, TSKALTUBO, CHIATURA, KHARAGAULI, KHONI Municipalities and the Self-Governing City of KUTAISI"
27 03,პენიტენციური სისტემისათვის კვალიფიციური კადრების მომზადება,Program,Training Of Qualified Staff For The Penitentiary System
36 04 03,კვ ახალციხე ბათუმი ხაზის მშენებლობა მსოფლიო ბანკი,Program,Akhaltsikhe - Batumi Road Line Building World Bank
36 03,ენერგეტიკული ინფრასტრუქტურის მშენებლობა-რეაბილიტაცია,Program,Compensation For The Consumed Natural Gas In High Terrain Regions Of Kazbegi And Dusheti Municipalities
27 01 01,"პენიტენციური სისტემის პოლიტიკის შემუშავება, მართვა და ბრალდებულ/მსჯავრდებულთა ყოფითი პირობების გაუმჯობესება",Program,"Penitentiary policy development, management, and improving life conditions for accused and condemned"
32 05 02,საგანმანათლებლო დაწესებულებათა ინფრასტრუქტურის რეაბილიტაცია,Program,Rehabilitation Of Infrastructure At Educational Institutions
58 10 04,"ბათუმში კომუნალური ინფრასტრუქტურის დაწესებულებათა რეაბილიტაცია (III ფაზა) (EU, KfW)",Program,"Rehabilitation of Communal Infrastructure Institutions  in Batumi (III Phase) (EU, KfW)"
24 01 05,საქართველოში ინოვაციებისა და ტექნოლოგიების განვითარება,Program,Georgia's Innovation and Technology Development
12 00,სახელმწიფო რწმუნებულის – გუბერნატორის ადმინისტრაცია ლანჩხუთის ოზურგეთისა და ჩოხატაურის მუნიციპალიტეტებში,SpendingAgency,"Administration of the State Representative – Governor in LANCHKHUTI, OZURGETI and CHOKHATAURI Municipalities"
48 00,სსიპ - საქართველოს დაზღვევის სახელმწიფო ზედამხედველობის სამსახური,SpendingAgency,NNLP – Central Referral Laboratory of Public Health Care
32 03 01,პროფესიული განათლების ხელმისაწვდომობის და ხარისხის გაუმჯობესება,Program,Improved Quality And Affordability Of Vocational Education
38 00,საქართველოს გარემოს დაცვის სამინისტრო,SpendingAgency,Ministry Of Environment
25 04,წყალმომარაგების ინფრასტრუქტურის აღდგენა რეაბილიტაცია,Program,Refurbishment And Rehabilitation Of Water Supply Infrastructure
24 10,სათხილამურო ინფრასტრუქტურის განვითარება ზემო სვანეთში (Government of the French Republic),Program,SKIING INFRASTRUCTURE DEVELOPMENT IN ZEMO SVANETI (Government Of The French Republic)
27 03,სასჯელაღსრულებისა და პრობაციის სისტემისათვის თანამშრომელთა მომზადება და პროფესიული განვითარება,Program,Training Of Qualified Staff For The Penitentiary System
16 00,სახელმწიფო რწმუნებულის – გუბერნატორის ადმინისტრაცია ამბროლაურის ლენტეხის ონისა და ცაგერის მუნიციპალიტეტებში,SpendingAgency,"Administration of the State Representative – Governor in AMBROLAURI, LENTEKHI, ONI and TSAGERI Municipalities"
49 01,საგარეო სახელმწიფო ვალდებულებების მომსახურება და დაფარვა,Program,Service And Repayment Of Foreign Debt
35 03 03,მოსახლეობისათვის სამედიცინო მომსახურების მიწოდება პრიორიტეტულ სფეროებში,Program,Provision Of Healthcare Services To General Public In Priority Areas
30 06,საარქივო ფონდების დიგიტალიზაცია სამეცნიერო კვლევითი საქმიანობა და მოქალაქეთა მომსახურება,Program,"Digitization Of Archive Funds, Scientific-Research Operation And Citizen Services"
37 01,სოფლის მეურნეობის განვითარების პროგრამა,Program,Agriculture Development Program
53 11 04,ბათუმში კომუნალური ინფრასტრუქტურის დაწესებულებათა რეაბილიტაცია (III ფაზა გერმანიის რეკონსტრუქციის საკრედიტო ბანკი ევროკავშირი,Program,Rehabilitation Of Batumi Communal Infrastructure Institutions (III Phase German Reconstruction Credit Bank EU)
36 04 02,"კვ ქ ს ის ჯვარი და შესაბამისი ხაზების მშენებლობა გერმანიის რეკონსტრუქციის საკრედიტო ბანკი EC, ევროპის რეკონსტრუქციისა და განვითარების ბანკი",Program,"Building Cross and Corresponding Lines German Reconstruction Credit Bank EC, The European Bank For Reconstruction And Development"
31 00,საქართველოს დაზვერვის სამსახური,SpendingAgency,Intelligence Service Of Georgia
26 04,იუსტიციის სამინისტროს სისტემის თანამშრომელთა გადამზადება და სასწავლო ცენტრის განვითარება,Program,Staff Retraining In The System Of The Ministry Of Justice And Development Of Training Centre
35 05,შრომისა და დასაქმების სისტემის რეფორმების პროგრამა,Program,Labor and employment system reform program
30 00,საქართველოს შინაგან საქმეთა სამინისტრო,SpendingAgency,Ministry of Internal Affairs
26 02,გამოძიებაზე ზედამხედველობის სახელმწიფო ბრალდების მხარდაჭერის დანაშაულის წინააღმდეგ ბრძოლისა და პრევენციის პროგრამა,Program,"Supervision On Investigation, Public Prosecution Support, Crime Fight And Prevention Program"
35 03 03 07,ნარკომანია,Program,Drug Addiction
35 03 05,დიპლომისშემდგომი სამედიცინო განათლება,Program,Potential Deficit Program Funding
37 01 12,აგროსექტორის ხელშეწყობა/განვითარება,Program,Agricultural promotion / development
33 02 02,საერთაშორისო კულტურული ურთიერთობების მხარდაჭერის ღონისძიებები,Program,Supporting Actions For International cultural Relations
25 03,რეგიონული და მუნიციპალური ინფრასტრუქტურის რეაბილიტაცია,Program,Regional And Infrastructure Rehabilitation
36 04 01,რეგიონალური ელექტროგადაცემის გაუმჯობესების პროექტი აზიის განვითარების ბანკი,Program,"Regional Power Transmission Enhancement Project the Asian Development Bank
"
26 01,სამართალშემოქმედებისა და ქვეყნის ინტერესების სამართლებრივი მხარდაჭერის მიზნით სახელმწიფო პოლიტიკის შემუშავება და მართვა,Program,State Policy Making And Management For Legislative Operation And For Protection Of Country’s Interests
32 04 01,უმაღლესი საგანმანათლებლო დაწესებულებების ხელშეწყობა,Program,Support To higher Education Institutions
32 04 05,კონსტიტუციონალიზმის კვლევა,Program,Constitutional Studies
33 04 02,კულტურული მემკვიდრეობის დაცვა,Program,Protection Of Cultural Heritage
32 06,ათასწლეულის გამოწვევა საქართველოს,Program,Millennium Challenge Georgia
35 01 03,დაავადებათა კონტროლისა და ეპიდემიოლოგიური უსაფრთხოების პროგრამის მართვა,Program,Management of Program For Disease Control And Epidemic Safety
32 03,პროფესიული განათლება,Program,Professional Training
32 04 02,"სახელმწიფო სასწავლო, სამაგისტრო გრანტები და ახალგაზრდების წახალისება",Program,Organization of Examinations
35 01 06,სასწრაფო სამედიცინო დახმარების მართვის პროგრამა,Program,Protection And Support Of Victims Of Human Trafficking
24 08,საქართველოს მიერ საერთაშორისო ხელშეკრულებებით ნაკისრი ვალდებულებების ფარგლებში საქართველოს აეროპორტებში საჰაერო ხომალდების აფრენა დაფრენისათვის საჭირო მომსახურების ხარჯების ანაზღაურება მათ შორის წინა წლებში წარმოქმნილი დავალიანებების დაფარვა,Program,Compensation Of Landing Fees Committed By Georgia Within International Agreements (Including For The Arrears Accrued In Previous Years)
45 00,საქართველოს საპატრიარქო,SpendingAgency,Patriarchy Of Georgia
33 02 03,სახალხო არტისტების სახალხო მხატვრებისა და ლაურეატების სტიპენდიები,Program,"Scholarships For People's Artists, People's Painters and Laureates"
27 00,"საქართველოს სასჯელაღსრულების, პრობაციისა და იურიდიული დახმარების საკითხთა სამინისტრო",SpendingAgency,Ministry of Corrections of Georgia
37 02,სურსათის უვნებლობა მცენარეთა დაცვა და ეპიზოოტიური კეთილსაიმედოობა,Program,"Food Safety, Protection Of Plants And Epidemic Zoology Safety"
36 03 03,ენერგეტიკის ინფრასტრუქტურის განვითარება (ამერიკის შეერთებული შტატების საერთაშორისო განვითარების სააგენტო),Program,"Energy Infrastructure Development (The United States Agency for International Development)
"
35 03 04 04,დიალიზი და თირკმლის ტრანსპლანტაცია,Program,Dialysis and Kidney Transplantation
30 02,"ეროვნული საგანძურის, დიპლომატიური წარმომადგენლობებისა და საპატრიარქოს დაცვის უსაფრთხოების დონის ამაღლება",Program,Improved Security Of National Treasure And Diplomatic Corps
09 02,მოსამართლეებისა და სასამართლოს თანამშრომლების მომზადება გადამზადება,Program,Trainings and Retrainings Of Judges and Staff
35 03 03 09,დედათა და ბავშვთა ჯანმრთელობა,Program,Dialyze And Kidney Transplantation
29 01,შეიარაღებული ძალების მზადყოფნის შენარჩუნება და ამაღლება,Program,Maintained And Improved Preparedness Of Armed Forces
45 04,"საქართველოს საპატრიარქოს წმიდა ნინოს სახელობის ობოლ, უპატრონო და მზრუნველობამოკლებულ ბავშვთა პანსიონატისათვის გადასაცემი გრანტი",Program,"Grant For St. Nino's Orphaned, Abandoned And Homeless Children's Boarding House"
24 01 01,ეკონომიკური პოლიტიკის შემუშავება განხორციელება და სახელმწიფო ქონების პრივატიზება,Program,"Economic Policy Making, Implementation And Privatization Of State Property"
35 03 02 01,დაავადებათა ადრეული გამოვლენა და სკრინინგი,Program,Early Identification And Screening Of Diseases
32 04 03,"სახელმწიფო სასწავლო, სამაგისტრო გრანტები და ახალგაზრდების წახალისება",Program,Support Of Science And Scientific Research
45 10,ა ა იპ – სმენადაქვეითებულ ბავშვთა რეაბილიტაციის და ადაპტაციის ცენტრისათვის გადასაცემი გრანტი,Program,Grant For NNLP Rehabilitation And Adaptation Centre For Children With Hear Impairment
35 02 01,საპენსიო უზრუნველყოფა,Program,Payment of Pensions
36 02 04,ენერგეტიკის ინფრასტრუქტურის განვითარება (USAID),Program,Energy Infrastructure Development (USAID)
35 03 03 01,ფსიქიკური ჯანმრთელობა,Program,Psychic Healthcare
51 11 07,აჭარის მყარი ნარჩენების პროექტი (EBRD),Program,Adjara Solid Waste Project (EBRD)
23 00,საქართველოს ფინანსთა სამინისტრო,SpendingAgency,The Ministry of Finance
32 02 11,საჯარო სკოლის მოსწავლეების ტრანსპორტით უზრუნველყოფა,Program,Transportation Provision For Public School Students
34 00,საქართველოს ოკუპირებული ტერიტორიებიდან იძულებით გადაადგილებულ პირთა განსახლებისა და ლტოლვილთა სამინისტრო,SpendingAgency,"Ministry OF Internally Displaced Persons From The Occupied Territories, Accommodation And Refugees Of Georgia"
09 01,საერთო სასამართლოების სისტემის განვითარება და ხელშეწყობა,Program,Development And Stimulation Of General Court System
53 10,საქართველოს სახელმწიფო ჯილდოებისათვის დაწესებული ერთდროული ფულადი პრემიების გაცემის ფინანსური უზრუნველყოფა,Program,Financial Support Of Monetary State Rewards 
36 01 01,ენერგეტიკის სამინისტროს აპარატი,SpendingAgency,"Office of the Ministry of Energy
"
35 01,შრომის ჯანმრთელობისა და სოციალური დაცვის პროგრამების მართვა,Program,"Labor, Health and Social Security Program Management"
32 02 03,უსაფრთხო საგანმანათლებლო გარემოს უზრუნველყოფა,Program,Safe Education Environment
32 02 08,ოკუპირებული რეგიონების პედაგოგებისა და ადმინისტრაციულ ტექნიკური პერსონალის ფინანსური დახმარება,Program,Financial Support To Teachers And Administrative- Technical Personnel Of Occupied Regions
30 03,სამართალდამცავი სტრუქტურებისათვის მაღალკვალიფიციური კადრების მომზადება გადამზადება და სასწავლო პროცესის ხელშეწყობა,Program,Training And Retraining Of Highly Qualified Staff For Law Enforcement Bodies And Stimulation Of Education Process
58 05,საქართველოს პრეზიდენტის სარეზერვო ფონდი,Program,Presidential Reserve Fund
49 04 01 01,აფხაზეთის ავტონომიური რესპუბლიკისათვის გადასაცემი ტრანსფერი,Program,Transfer for Autonomous Republic Of Abkhazia 
25 02,საგზაო ინფრასტრუქტურის გაუმჯობესების ღონისძიებები,Program,Road Infrastructure Development Measures
32 05,საგანმანათლებლო დაწესებულებათა ინფრასტრუქტურის განვითარება,Program,Development Of Education Facility Infrastructure
29 03,საქართველოს თავდაცვის სამინისტროს პერსონალის ჯანმრთელობის დაცვა და სოციალური უზრუნველყოფა,Program,Healthcare and Social Security of Employees of the Ministry of Defense of Georgia
06 02,არჩევნების ჩატარების ღონისძიებები,Program,Organization Of Elections
19 00,"სახელმწიფო რწმუნებულის – გუბერნატორის ადმინისტრაცია გორის, კასპის, ქარელისა და ხაშურის მუნიციპალიტეტებში",SpendingAgency,"Administration of the State Representative – Governor in GORI, KASPI, KARELI and KHASHURI Municipalities"
37 01 04,ქართული აგროსასურსათო პროდუქციის პოპულარიზაცია,Program,Modernization Of Melioration Systems
32 05 01,ზოგადსაგანმანათლებლო დაწესებულებებისა და მოსწავლეების ინფორმაციულ საკომუნიკაციო ტექნოლოგიებით უზრუნველყოფა,Program,Provision Of Information And Communication Technologies For General Education Institutions And School Children 
35 03 04 06,იშვიათი დაავადებების მქონე და მუდმივ ჩანაცვლებით მკურნალობას დაქვემდებარებულ პაციენტთა მკურნალობა,Program,Treatment Of People with Rare Diseases And Permanent Treating Submission
35 03 03 10,ნარკომანია,Program,Heart Surgery
35 01 01,შრომის ჯანმრთელობისა და სოციალური დაცვის სფეროში პოლიტიკის შემუშავება და მართვა,Program,"Policy-Making And Management In The Areas Of Labor, Healthcare And Social Security"
32 02 05,განსაკუთრებული საჭიროების მქონე ბავშვების საგანმანათლებლო და საცხოვრებელი პირობებით უზრუნველყოფა და ინკლუზიური განათლების განვითარება,Program,Provision Of Education And Living Standards To Children With Special Needs And Development Of Inclusive Education
27 02 03,უფასო იურიდიული დახმარება,Program,Free Legal Assistance
32 04 03,მეცნიერებისა და სამეცნიერო კვლევების ხელშეწყობა,Program,Support Of Science And Science Research
32 02 10,ეროვნული სასწავლო გეგმების დანერგვა და მონიტორინგი,Program,Development Of Civic Education Among The Youth
33 03,სახელოვნებო განათლების სისტემის ხელშეწყობა,Program,Stimulation Of Arts Education System
23 03,ეკონომიკური დანაშაულის პრევენცია,Program,Prevention Of Economic Crime
24 03,ინვესტიციების მოზიდვის ხელშეწყობა,Program,Stimulated Attraction Of Investments
37 01 05,სასოფლო-სამეურნეო კოოპერატივების ხელშეწყობის ღონისძიებები,Program,"Promotion Of Georgian Agriculture Produce, Wine And Cuisine"
50 00,სსიპ - საჯარო სამსახურის ბიურო,SpendingAgency,NNLP - Civil Service Bureau
35 03 03 19,ზოგადი ამბულატორია,Program,General Out-Patient Care
44 00,სამხრეთ ოსეთის ადმინისტრაცია,SpendingAgency,Administration Of South Ossetia
58 07,წინა წლებში წარმოქმნილი დავალიანების დაფარვისა და სასამართლო გადაწყვეტილებების აღსრულების ფონდი,Program,"Repayment of Debt Accumulated In Previous Years and court decisions execution fund
"
35 01 02,სამედიცინო საქმიანობის რეგულირების პროგრამა,Program,Program For Regulation Of Medical Operation
32 07,ათასწლეულის გამოწვევა საქართველოს,Program,NNLP - Civil Service Bureau
24 02,ტექნიკური და სამშენებლო სფეროს რეგულირება,Program,Technical And Construction Sector Regulation
04 00,საქართველოს მთავრობის კანცელარია,SpendingAgency,State Chancellery Of The Government Of Georgia
36 03 01,ენგურის ჰიდროელექტროსადგურის რეაბილიტაციის პროექტი ევროპის რეკონსტრუქციისა და განვითარების ბანკი,Program,"Rehabilitation Project Of Enguri Hydroelectric Power European Bank for Reconstruction and Development
"
53 11 02,KfW-ის ადგილობრივი ოფისის საოპერაციო ხარჯების თანადაფინანსება გერმანიის რეკონსტრუქციის საკრედიტო ბანკი,Program,Co-Funding Of Operation Costs For KfW's Local Office German Reconstruction Credit Bank
45 04,საქართველოს საპატრიარქოს წმიდა ნინოს სახელობის ობოლ უპატრონო და მზრუნველობამოკლებულ ბავშვთა პანსიონატისათვის გადასაცემი გრანტი,Program,"Grant For St. Nino's Orphaned, Abandoned And Homeless Children's Boarding House"
06 00,საქართველოს ცენტრალური საარჩევნო კომისია,SpendingAgency,The Central Election Commission
32 02 01,ზოგადსაგანმანათლებლო სკოლების დაფინანსება,Program,Financing Of General Education Schools
36 02,ენერგეტიკული ინფრასტრუქტურის მშენებლობა-რეაბილიტაცია,SpendingAgency,Construction And Rehabilitation Of Energy Infrastructure
45 07,წმინდა გიორგი მთაწმინდელის მონასტერთან არსებული სარეაბილიტაციო ცენტრისათვის გადასაცემი გრანტი,Program,Grant for Rehabilitation Centre existing In  St. George Monastery
36 04 04,"შავი ზღვის ელექტროგადამცემი ქსელის პროექტი (გერმანიის რეკონსტრუქციის საკრედიტო ბანკი, ევროპის საინვესტიციო ბანკი, ევროპის რეკონსტრუქციისა და განვითარების ბანკი)",Program,"Black Sea Transmission Network Project (German Reconstruction Credit Bank, the European Investment Bank, European Bank for Reconstruction and Development)"
38 07,"გარემოს დაცვის სფეროში მონიტორინგი, პროგნოზირება და პრევენცია",Program," Monitoring, Forecasting And Prevention In Environmental Field"
21 00,დიასპორის საკითხებში საქართველოს სახელმწიფო მინისტრის აპარატი,SpendingAgency,Office Of The State Minister For The Georgian Diaspora
32 04,უმაღლესი საგანმანათლებლო და სამეცნიერო კვლევების პროგრამა,Program,Higher Education And Scientific Research Program
35 03 04,მოსახლეობისათვის სამედიცინო მომსახურების მიწოდება პრიორიტეტულ სფეროებში,Program,Post Graduate Health Education
58 10 02,KfW-ის ადგილობრივი ოფისის საოპერაციო ხარჯების თანადაფინანსება (KfW),Program,Co-Funding Of Operation Costs For KfW's Local Office(KfW)
32 03 02,ეროვნული უმცირესობების პროფესიული გადამზადება,Program,Vocational Education For Ethnic Minorities
29 00,საქართველოს თავდაცვის სამინისტრო,SpendingAgency,Ministry of Defence
11 00,სახელმწიფო რწმუნებულის – გუბერნატორის ადმინისტრაცია აბაშის ზუგდიდის მარტვილის მესტიის სენაკის ჩხოროწყუს წალენჯიხის ხობის მუნიციპალიტეტებსა და თვითმმართველ ქალაქ ფოთში,SpendingAgency,"Administration of the State Representative – Governor in ABASHA, ZUGDIDI, MARTVILI, MESTIA, SENAKI, CHKHOROTSKU, TSALENJIKHA, KHOBI Municipalities and the Local Self Governing City of POTI"
37 01 01,სოფლის მეურნეობის განვითარების პოლიტიკის შემუშავება და მართვა,Program,Policy Making And Management In Agriculture Development
27 02 02,სრულყოფილი პრობაციის სისტემა,SpendingAgency,Establishment of Comprehensive Probation System
26 10,იუსტიციის სახლის მომსახურებათა განვითარება და ხელმისაწვდომობა,Program,Development and Accessibility To Public Service Hall Services 
09 00,საერთო სასამართლოები,SpendingAgency,General courts
37 01 07,თანამედროვე ტექნოლოგიების პოპულარიზაცია,Program,Stimulation Of Regional Agriculture Land Use
49 04,ავტონომიური რესპუბლიკებისა და ადგილობრივი თვითმმართველი ერთეულებისათვის გადასაცემი ტრანსფერები,Program,Transfers to Autonomous Republics and Local Self- Government Entities
25 01,რეგიონებისა და ინფრასტრუქტურის განვითარების პოლიტიკის შემუშავება და მართვა,Program,Regional And Infrastructure Development Policy Making And Management
49 14 09,რუსთავის მყარი ნარჩენების პროექტი (EBRD),Program,Rustavi Solid Waste Project (EBRD)
45 13,ა(ა)იპ ფოთის საგანმანათლებლო და კულტურულ-გამაჯანსაღებელი ცენტრი,Program,"NNLP Poti Educational And Cultural Center
"
35 02 02,მოსახლეობის მიზნობრივი ჯგუფების სოციალური დახმარება,Program,Social Security
51 11 09,ათასწლეულის გამოწვევა საქართველოს მეორე პროექტი (MCC),SpendingAgency,Second Project Of Millennium Challenge Georgia (MMC)
51 11 06,ხელვაჩაურის მუნიციპალიტეტის კომუნალური ინფრასტრუქტურის დაწესებულებათა რეაბილიტაცია (KfW),Program,Rehabilitation of Khelvachauri Municipality Communal Infrastructure Facilities 
36 01 02,მოსახლეობის ელექტროენერგიითა და ბუნებრივი აირით მომარაგების გაუმჯობესება,Program,Electricity and gas supply improvement
05 00,საქართველოს კონტროლის პალატა,SpendingAgency,Chamber Of Control Of Georgia
35 00,საქართველოს შრომის ჯანმრთელობისა და სოციალური დაცვის სამინისტრო,SpendingAgency,Ministry Of Labour Health and Social Affairs Georgia
35 03,ჯანმრთელობის დაცვის პროგრამა,Program,Healthcare Program
40 00,საქართველოს სახელმწიფო დაცვის სპეციალური სამსახური,SpendingAgency,Special Security Service Of Georgia
37 01 02,სასოფლო სამეურნეო ტექნიკის განახლება,Program,Refurbishment Of Agriculture Machinery
35 03 02 02,იმუნიზაცია,Program,Immunization
37 01 14,აგროსექტორის ხელშეწყობა/განვითარება,Program,"Promotion / Development Of Agricultural Sector
"
46 00,სსიპ – ლევან სამხარაულის სახელობის სასამართლო ექსპერტიზის ეროვნული ბიურო,SpendingAgency,LEPL – National Forensics Bureau Named After Levan Samkharauli
27 02,სისხლის სამართლის სისტემის რეფორმა,Program,Criminal Justice Reform
42 00,სსიპ – საზოგადოებრივი მაუწყებელი,SpendingAgency,LEPL – Public Broadcaster
36 03 03,ენერგეტიკის ინფრასტრუქტურის განვითარება ამერიკის შეერთებული შტატების საერთაშორისო განვითარების სააგენტო,Program,Development of Energy Infrastructures The United States Agency for International Development
53 11 05,ბათუმში კომუნალური ინფრასტრუქტურის დაწესებულებათა რეაბილიტაცია (II ფაზა გერმანიის რეკონსტრუქციის საკრედიტო ბანკი,Program,Rehabilitation Of Communal Infrastructure (II phase of the German Reconstruction Credit Bank
30 05,სახელმწიფო მატერიალური რეზერვების შექმნა და მართვა,Program,Creation And Management Of Strategic Reserves
32 04 02,გამოცდების ორგანიზება,Program,Organization Of Examinations
37 01 05,სასოფლო სამეურნეო კოოპერატივების ხელშეწყობის ღონისძიებები,Program,"PROMOTION OF GEORGIAN AGRICULTURE PRODUCE, WINE AND CUISINE"
24 04,სტანდარტიზაციისა და მეტროლოგიის სფეროს განვითარება,Program,Development Of Standardization And Metrology
49 04 02,ადგილობრივი თვითმმართველი ერთეულებისათვის გადასაცემი ტრანსფერები,Program,Transfers to Local Self-Government Agencies 
51 11 08,გოდერძის ხეობაში სათხილამურო საბაგიროების მოწყობა (UniCredit Bank Austria AG),Program,Goderzi Valley Ski Cable Arrangement (UniCredit Bank Austria AG)
26 08,ერთიანი სახელმწიფო საინფორმაციო ტექნოლოგიების მხარდაჭერის განვითარება,Program,Support The Development Of Informational Technologies
25 02 01,საავტომობილო გზების პროგრამების მართვა,Program,Motorway Program Management
28 02,მოხელეთა კვალიფიკაციის ამაღლება საერთაშორისო ურთიერთობების დარგში,Program,Improvement Of Staff Qualifications In International Relations
35 03 02,საზოგადოებრივი ჯანმრთელობის დაცვა,Program,Public Healthcare
45 12,ა ა იპ - ახალქალაქისა და კუმურდოს ეპარქიის სასწავლო ცენტრისთვის გადასაცემი გრანტი,Program,Grant for NNLP Training Centre in Akhalkalaki And Kumurdo
47 00,სსიპ – საქართველოს სტატისტიკის ეროვნული სამსახური – საქსტატი,Spending Agency,NNLP - National Statistic Office of Georgia - Geostat
32 02 07,ინგლისური ენის გაძლიერება,Program,English Language Teaching
27 01,პენიტენციური სისტემის პოლიტიკის შემუშავება და მართვა,Program,Policy Making And Management For Penitentiary System
35 03 02 07,ჯანდაცვის სექტორის განვითარების პროექტი (WB),Program,Healthcare Sector Development Project (WB)
35 03 02 04,უსაფრთხო სისხლი,Program,Safe Blood
49 13 02,KfW-ის ადგილობრივი ოფისის საოპერაციო ხარჯების თანადაფინანსება (KfW),Program,Co-Funding Of Operation Costs For KfW's Local Office(KfW)
32 02 02,მასწავლებელთა პროფესიული განვითარების ხელშეწყობა,Program,Simulation Of Professional Development Of Teachers
03 00,საქართველოს ეროვნული უშიშროების საბჭოს აპარატი,Program,National Security Council of Georgia
35 01 05,სახელმწიფო ზრუნვის პროგრამა,Program,Program of State Care
38 03,დაცული ტერიტორიების სისტემის ჩამოყალიბება და მართვა,Program,"Monitoring, Projections And Prevention In The Environment 1,7"
45 02,ა(ა)იპ საქართველოს საპატრიარქოს წმიდა სვიმონ კანანელის სახელობის სასულიერო სწავლების ცენტრი,Program,NNLP Theological Teaching Centre of St. Svimon Kananeli Church
34 02,ორგანიზებულად ჩასახლების ადგილებში დევნილთა შენახვა და მათი საცხოვრებელი პირობების გაუმჯობესება,Program,Financial Support Of Refugees Settled In An Organized Manner And Improvement Of Their Living Standards
53 04 02,ადგილობრივი თვითმმართველი ერთეულებისათვის გადასაცემი ტრანსფერები,Program,Transfers to Local Self-Government Agencies
52 00,სავაჭრო-სამრეწველო პალატა,SpendingAgency,Chamber of Commerce
25 00,საქართველოს რეგიონული განვითარებისა და ინფრასტრუქტურის სამინისტრო,SpendingAgency,Ministry Of Regional Development And Infrastructure Of Georgia
46 00,სსიპ – ლევან სამხარაულის სახელობის სასამართლო ექსპერტიზის ეროვნული ბიურო,SpendingAgency,LEPL – National Forensics Bureau Named After Levan Samkharauli
06 06,ამომრჩეველთა სიების დაზუსტების უზრუნველყოფის პროგრამა“,Program,Program for Specifying Voters List
45 01,სასულიერო განათლების ხელშეწყობის გრანტი,Program,Theological Education Assistance Grant
35 03 04 02,დიაბეტის მართვა,Program,"Management Of Diabetes
"
25 02 03,ჩქაროსნული ავტომაგისტრალების მშენებლობა,Program,Construction Of Express Highway
35 02 05,მოსახლეობის ელექტროენერგიის ვაუჩერით უზრუნველყოფა,Program,Provide People With Electric Power Voucher
58 10 01,"ორმხრივი, რეგიონალური და რეგიონთაშორისი პროექტები (GIZ)",Program,Bilateral Regional And Inter-Regional Projects (GIZ)
39 01,სპორტისა და ახალგაზრდობის საქმეთა სფეროების სახელმწიფო პოლიტიკის შემუშავება და მართვა,Program,State Policy Making And Program Management In The Sports And Youth Affairs
25 05,იძულებით გადაადგილებული პირების მხარდაჭერა,Program,Support To IDPs
43 00,სსიპ – კონკურენციისა და სახელმწიფო შესყიდვების სააგენტო,SpendingAgency,LEPL – Competition And Public Procurement Agency 2
36 03,ყაზბეგის მუნიციპალიტეტისა და დუშეთის მუნიციპალიტეტის მაღალმთიანი სოფლების მოსახლეობისათვის მიწოდებული ბუნებრივი აირის ღირებულების ანაზღაურების ღონისძიება,Program,Compensation For The Consumed Natural Gas In High Terrain Regions Of Kazbegi And Dusheti Municipalities
37 01 06,სოფლის მეურნეობის დარგში სამეცნიერო კვლევითი ღონისძიებების განხორციელება,Program,Promotion Of Modern Technologies
30 02,ეროვნული საგანძურისა და დიპლომატიური წარმომადგენლობების დაცვის უსაფრთხოების დონის ამაღლება,Program,Improved Security Of National Treasure And Diplomatic Corps
35 03 03 17,წლამდე ასაკის ბავშვთა გადაუდებელი და სტაციონარული დახმარება,Program,Urgent And Inpatient Care Of Children Below 3
27 02 01,საერთაშორისო სტანდარტების შესაბამისი პენიტენციური სისტემის ჩამოყალიბება,Program,Establishment Of Penitentiary System With International Standards
35 03,მოსახლეობის ჯანმრთელობის დაცვა,Program,Healthcare Program
30 04,შინაგან საქმეთა სამინისტროს სისიტემის მოსამსახურეთა ჯანმრთელობის დაცვის მომსახურებით უზრუნველყოფა,Program,Provision of Healthcare Services to the System of the Ministry of Interior
35 02,მოსახლეობის სოციალური დაცვა,Program,Social Security and Pensions
58 09,საქართველოს სახელმწიფო ჯილდოებისათვის დაწესებული ერთდროული ფულადი პრემიების გაცემის ფინანსური უზრუნველყოფა,Program,Financial Support Of Monetary State Rewards
35 03 03 09,რეფერალური მომსახურება,Program,Dialyze And Kidney Transplantation
28 01 02,საერთაშორისო ორგანიზაციებში არსებული ფინანსური ვალდებულებების უზრუნველყოფა,Program,Financial Liabilities Of Georgia At International Organizations
37 01 06,თანამედროვე ტექნოლოგიების პოპულარიზაცია,Program,Promotion Of Modern Technologies
35 01 04,სოციალური და ჯანმრთელობის დაცვის პროგრამების მართვა,Program,Social And Healthcare Program Management
39 00,საქართველოს სპორტისა და ახალგაზრდობის საქმეთა სამინისტრო,SpendingAgency,Ministry of Sport and Youth Affairs of Georgia
48 00,ა ა იპ - რიჩარდ გ ლუგარის საზოგადოებრივი ჯანმრთელობის კვლევითი ცენტრი,SpendingAgency,NNLP – Central Referral Laboratory of Public Health Care
45 12,ა ა იპ – ახალქალაქისა და კუმურდოს ეპარქიის სასწავლო ცენტრისთვის გადასაცემი გრანტი,Program,Grant for NNLP Training Centre in Akhalkalaki And Kumurdo
37 01 08,აგროსექტორის განვითარება ხელშეწყობა,Program,Agriculture Sector Developments/Simulation
26 03,ეროვნული საარქივო ფონდის დაცულობის მომსახურების თანამედროვე ტექნოლოგიების დანერგვის და დოკუმენტების ხელმისაწვდომობის უზრუნველყოფა,Program,"Protection Of National Archive Fund, Introduction Of Modern Technologies Of Services And Ensured Access To Documents"
26 05,ელექტრონული მმართველობის განვითარება,Program,Development Of E-Governance
32 02 04,განსაკუთრებით ნიჭიერი ახალგაზრდების წახალისება,Program,Stimulation Of Particularly Talented Youth
36 01 03,ყაზბეგის მუნიციპალიტეტისა და დუშეთის მუნიციპალიტეტის მაღალმთიანი სოფლების მოსახლეობისათვის მიწოდებული ბუნებრივი აირის ღირებულების ანაზღაურების ღონისძიება,Program,Paying for Gas Supplies For Kazbegi Municipality and Dusheti Municipality Mountainous Villages
10 00,საქართველოს იუსტიციის უმაღლესი საბჭო,SpendingAgency,Supreme Council Of Justice Of Georgia
30 01,საზოგადოებრივი წესრიგისა და სახელმწიფო საზღვრის დაცვა,Program,Public Order And Sovereign Border Protection
24 09,საფრანგეთის სასაქონლო დახმარება საფრანგეთი,Program,French Commodity Support (France)
36 02 01,ენგურის ჰიდროელექტროსადგურის რეაბილიტაციის პროექტი (EBRD),Program,Rehabilitation Of Enguri Hydro Power Plant (HPP) (EBRD)
53 11,დონორების მიერ დაფინანსებული საერთო სახელმწიფოებრივი გადასახდელები,Program,General State Payments Financed By Donors
03 02,ეროვნული უსაფრთხოების პოლიტიკის ღონისძიებები,Program,Activities Of National Security Policy
27 04,ჯანმრთელობის დაცვის ხელშეწყობა პატიმრობისა და თავისუფლების აღკვეთის დაწესებულებებში,Program,Stimulation of Healthcare at Penitentiary System Institutions
32 04 04,უმაღლესი განათლების ხელშეწყობა,Program,"State Education, Master's Degree Grants And Youth Facilitation"
39 04,ახალგაზრდობის სფეროში სახელმწიფო ხელშეწყობის ღონისძიებები,Program,State Stimulation Measures In The Youth Affairs
22 00,რეინტეგრაციის საკითხებში საქართველოს სახელმწიფო მინისტრის აპარატი,SpendingAgency,Office Of The State Minister For Reintegration
37 01 04,სამელიორაციო სისტემების მოდერნიზაცია,Program,Modernization Of Melioration Systems
34 01,იძულებით გადაადგილებულ პირთა და მიგრანტთა ხელშეწყობის მიზნით სახელმწიფო პოლიტიკის შემუშავება და პროგრამების მართვა,Program,State Policy Making And Program Management To Facilitate IDPs And Migrants
32 03 01,პროფესიული განათლების განვითარების ხელშეწყობა,Program,Improved Quality And Affordability Of Vocational Education
32 04 02 05 01,მეცნიერების აღდგენა და განვითარება - საქართველოს განათლებისა და მეცნიერების სამინისტროს განკარგვა,Program,Recovery And Development  Of Science - Ministry of Education and Science Disposal
33 02 01,ხელოვნების განვითარების ღონისძიებები,Program,Activities For Art Development
35 03 04 10,სამხედრო ძალებში გასაწვევ მოქალაქეთა სამედიცინო შემოწმება,Program,Medical Examination For Recruiting People In Military Forces
35 03 04 01,ფსიქიკური ჯანმრთელობა,Program,"Mental Health
"
25 02 02,გზების მშენებლობა და მოვლა შენახვა,Program,Construction And Maintenance Of Roads
37 01 06,ქართული აგროსასურსათო პროდუქციის ღვინისა და სამზარეულოს პოპულარიზაცია,Program,Promotion Of Modern Technologies
23 02,შემოსავლების მობილიზება და გადამხდელთა მომსახურების გაუმჯობესება,Program,Collection Of Revenues And Improvement Of Taxpayer Services
28 01,საგარეო პოლიტიკის განხორციელება,Program,Implementation Of Foreign Policy
32 00,საქართველოს განათლებისა და მეცნიერების სამინისტრო,SpendingAgency,The Ministry of Education and Science of Georgia
45 08,საქართველოს საპატრიარქოს წმინდა ანდრია პირველწოდებულის სახელობის ქართული უნივერსიტეტისათვის გადასაცემი გრანტი,Program,Grant for St. Andrew First-Called Georgian University
33 00,საქართველოს კულტურისა და ძეგლთა დაცვის სამინისტრო,SpendingAgency,Ministry of Culture and Monument Protection of Georgia
36 01 02,სსიპ ნავთობისა და გაზის სახელმწიფო სააგენტო,Program,NNLP - National Agency of Oil and Gas 
20 00,ევროპულ და ევროატლანტიკურ სტრუქტურებში ინტეგრაციის საკითხებში საქართველოს სახელმწიფო მინისტრის აპარატი,SpendingAgency,Office Of The State Minister Of Georgia For Integration In European And Euro-Atlantic Structures
32 04 03 02,სამეცნიერო დაწესებულებების პროგრამები,Program,Programs For Scientific Institutions
19 00,სახელმწიფო რწმუნებულის – გუბერნატორის ადმინისტრაცია გორის კასპის ქარელისა და ხაშურის მუნიციპალიტეტებში,SpendingAgency,"Administration of the State Representative – Governor in GORI, KASPI, KARELI and KHASHURI Municipalities"
49 00,საერთო სახელმწიფოებრივი მნიშვნელობის გადასახდელები,SpendingAgency,The Overall State Importance Expenditures
35 03 03 08,ონკოლოგიურ დაავადებათა მართვა,Program,Cancer Disease Management
58 08,საქართველოს რეგიონებში განსახორციელებელი პროექტების ფონდი,Program,Funds For Georgia's Regional Execution Projects
45 02,საქართველოს საპატრიარქოს წმინდა სიმონ კანანელის სახელობის სასულიერო სწავლების ცენტრისათვის გადასაცემი გრანტი,Program,Grant For NNLP Theological Teaching Centre of St. Svimon Kananeli Church
23 05,საფინანსო სექტორში დასაქმებულთა კვალიფიკაციის ამაღლება,Program,Improvement Of Staff Qualifications In The Financial Sector
47 03,მოსახლეობისა და საცხოვრისების საყოველთაო აღწერა,Program,General Census And Household Studies
58 06,საქართველოს მთავრობის სარეზერვო ფონდი,Program,The government's reserve fund
37 01 10,აგროდაზღვევის უზრუნველყოფის ღონისძიებები,Program,Measures For Agricultural Insurance
06 03,საარჩევნო სისტემების განვითარება და სისტემისათვის მოხელეთა მომზადება გადამზადება,Program,Development Of Electoral System And Training Staff For System
24 00,საქართველოს ეკონომიკისა და მდგრადი განვითარების სამინისტრო,SpendingAgency,Ministry of Economy and Sustainable Development
38 04,სატყეო სისტემის ჩამოყალიბება და მართვა,Program,Creation And Management Of Forestry System
36 02 03,სასისტემო მნიშვნელობის ელექტროგადამცემი ქსელის განვითარება,Program,Development Of The System Important Power Energy Transmission Network
36 01 01,ენერგეტიკის სფეროში პოლიტიკის გატარება,Program,Policy Making in Energy Field
27 02 02,პრობაციის სრულყოფილი სისტემის ჩამოყალიბება,Program,Establishment Of Comprehensive Probation System
58 10,"დონორების მიერ დაფინანსებული საერთო სახელმწიფოებრივი გადასახდელები
",Program,General State Payments Financed By Donors
47 05,სასოფლო მეურნეობების შერჩევითი კვლევის პროგრამა,Program,Random Selection Study Program Of Agriculture
,საერთაშორისო ურთიერთობები და ევროატლანტიკურ სივრცეში ინტეგრაცია,Priority,International Relations and Euro-Atlantic Integration
,სოფლის მეურნეობა,Priority,Agriculture
,უკატეგორიო,Priority,Uncategorized
,"რეგიონალური განვითარება, ინფრასტრუქტურა და ტურიზმი",Priority,"Regional Development, Infrastructure and Tourism"
,გარემოს დაცვა და ბუნებრივი რესურსების მართვა,Priority,Environmental Protection and Natural Resources Management
,"თავდაცვა, საზოგადოებრივი წესრიგი და უსაფრთხოება",Priority,"Defence, Public Order and Security"
,იძულებით გადაადგილებულ პირთა და მიგრანტთა სახელმწიფო მხარდაჭერა და რეინტეგრაციის ხელშეწყობა,Priority,State Support And Reintegration Of Internally Displaced Persons and Migrants
,მაკროეკონომიკური სტაბილურობა და საინვესტიციო გარემოს გაუმჯობესება,Priority,Macroeconomic Stability And The Business Environment Improvement
,"განათლება, მეცნიერება და პროფესიული მომზადება",Priority,"Education, Science And Professional Training"
,სასამართლო სისტემა,Priority,Judicial System
,"ხელმისაწვდომი, ხარისხიანი ჯანმრთელობის დაცვა და სოციალური უზრუნველყოფა",Priority,"Affordable, Qualitative Health Care And Social Security"
,ინსტიტუციური განვითარება და ქვეყნის ინტერესების სამართლებრივი მხარდაჭერა,Priority,Institutional Development And Legal Support of Country's Interest
,"კულტურა, რელიგია, ახალგაზრდობის ხელშეწყობა და სპორტი",Priority,"Culture, Religion, Youth and Sport"
13 00,სახელმწიფო რწმუნებულის - გუბერნატორის ადმინისტრაცია ბაღდათის ვანის ზესტაფონის თერჯოლის სამტრედიის საჩხერის ტყიბულის წყალტუბოს ჭიათურის ხარაგაულის ხონის მუნიციპალიტეტებსა და თვითმმართველ ქალაქ ქუთაისში,SpendingAgency,"Administration of the State Representative – Governor in
BAGHDATI, VANI, ZESTAPONI, SAMTREDIA, SACHKHERE,
TKIBULI, TSKALTUBO, CHIATURA, KHARAGAULI, KHONI
Municipalities and the Self-Governing City of KUTAISI"
34 00,"საქართველოს ოკუპირებული ტერიტორიებიდან იძულებით  გადაადგილებულ პირთა, განსახლებისა და ლტოლვილთა სამინისტრო",SpendingAgency,"Ministry of Internally Displaced Persons from the Occupied Territories, Accommodation and Refugees of Georgia"
49 00,სსიპ საქართველოს ეროვნული საინვესტიციო სააგენტო,SpendingAgency,Georgian National Investment Agency
35 00,"საქართველოს შრომის, ჯანმრთელობისა და სოციალური დაცვის სამინისტრო",SpendingAgency,Ministry Of Labour Health and Social Affairs Georgia
12 00,"სახელმწიფო რწმუნებულის - გუბერნატორის ადმინისტრაცია ლანჩხუთის, ოზურგეთის, ჩოხატაურის მუნიციპალიტეტებსა და ქალაქ ოზურგეთის მუნიციპალიტეტში",SpendingAgency,"Administration of the State Representative – Governor in
LANCHKHUTI, OZURGETI and CHOKHATAURI Municipalities"
14 00,სახელმწიფო რწმუნებულის - გუბერნატორის ადმინისტრაცია ახმეტის გურჯაანის დედოფლისწყაროს თელავის ლაგოდეხის საგარეჯოს სიღნაღისა და ყვარლის მუნიციპალიტეტებში,SpendingAgency,"Administration of the State Representative – Governor in
AKHMETA, GURJAAANI, DEDOPLISTSKARO, TELAVI,
LAGODEKHI, SAGAREJO, SIGHNAGHI and KVARELI
Municipalities"
52 00,საქართველოს სავაჭრო-სამრეწველო პალატა,SpendingAgency,Georgian Chamber of Commerce and Industry
14 00,"სახელმწიფო რწმუნებულის - გუბერნატორის ადმინისტრაცია ახმეტის, გურჯაანის, დედოფლისწყაროს, თელავის, ლაგოდეხის, საგარეჯოს, სიღნაღის, ყვარლის მუნიციპალიტეტებსა და ქალაქ თელავის მუნიციპალიტეტში",SpendingAgency,"Administration of the State Representative – Governor in
AKHMETA, GURJAAANI, DEDOPLISTSKARO, TELAVI,
LAGODEKHI, SAGAREJO, SIGHNAGHI, KVARELI
Municipalities and TELAVI Municipalities"
58 00,სსიპ -განათლების საერთაშორისო ცენტრი,SpendingAgency,International Center Of Education
19 00,"სახელმწიფო რწმუნებულის - გუბერნატორის ადმინისტრაცია გორის, კასპის, ქარელის, ხაშურის მუნიციპალიტეტებსა და ქალაქ გორის მუნიციპალიტეტში",SpendingAgency,"Administration of the State Representative – Governor in GORI,
KASPI, KARELI and KHASHURI Municipalities and GORI municipalities"
13 00,"სახელმწიფო რწმუნებულის - გუბერნატორის  ადმინისტრაცია ბაღდათის, ვანის, ზესტაფონის, თერჯოლის, სამტრედიის, საჩხერის, ტყიბულის, წყალტუბოს, ჭიათურის, ხარაგაულის, ხონის მუნიციპალიტეტებსა და ქალაქ ქუთაისის მუნიციპალიტეტში",SpendingAgency,"Administration of the State Representative – Governor in
BAGHDATI, VANI, ZESTAPONI, SAMTREDIA, SACHKHERE,
TKIBULI, TSKALTUBO, CHIATURA, KHARAGAULI, KHONI
Municipalities and KUTAISI Municipalities"
16 00,სახელმწიფო რწმუნებულის - გუბერნატორის ადმინისტრაცია ამბროლაურის ლენტეხის ონისა და ცაგერის მუნიციპალიტეტებში,SpendingAgency,"Administration of the State Representative – Governor in
AMBROLAURI, LENTEKHI, ONI and TSAGERI Municipalities"
22 00,შერიგებისა და სამოქალაქო თანასწორობის საკითხებში საქართველოს სახელმწიფო მინისტრის აპარატი,SpendingAgency,Office Of The State Minister For Reintegration
48 00,ა ა იპ - საზოგადოებრივი ჯანდაცვის ცენტრალური რეფერალური ლაბორატორია,SpendingAgency,"NNLP – Central Referral Laboratory of Public
Healthcare"
17 00,სახელმწიფო რწმუნებულის - გუბერნატორის ადმინისტრაცია ადიგენის ასპინძის ახალციხის ახალქალაქის ბორჯომისა და ნინოწმინდის მუნიციპალიტეტებში,SpendingAgency,"Administration of the State Representative – Governor in ADIGENI,
ASPINDZA, AKHALTSIKHE, AKHALKALAKI, BORJOMI and
NINOTSMINDA Municipalities"
27 00,საქართველოს სასჯელაღსრულებისა და პრობაციის სამინისტრო,SpendingAgency,Ministry of Corrections of Georgia
05 00,სახელმწიფო აუდიტის სამსახური,SpendingAgency,Chamber Of Control Of Georgia
11 00,"სახელმწიფო რწმუნებულის - გუბერნატორის ადმინისტრაცია აბაშის, ზუგდიდის, მარტვილის, მესტიის, სენაკის, ჩხოროწყუს, წალენჯიხის, ხობის მუნიციპალიტეტებსა და თვითმმართველ ქალაქ ფოთში",SpendingAgency,"Administration of the State Representative – Governor in ABASHA,
ZUGDIDI, MARTVILI, MESTIA, SENAKI, CHKHOROTSKU,
TSALENJIKHA, KHOBI Municipalities and the Local Self-
Governing City of POTI"
12 00,"სახელმწიფო რწმუნებულის - გუბერნატორის ადმინისტრაცია ლანჩხუთის, ოზურგეთისა და ჩოხატაურის მუნიციპალიტეტებში",SpendingAgency,"Administration of the State Representative – Governor in
LANCHKHUTI, OZURGETI and CHOKHATAURI Municipalities"
18 00,სახელმწიფო რწმუნებულის - გუბერნატორის ადმინისტრაცია ბოლნისის გარდაბნის დმანისის თეთრი წყაროს მარნეულის წალკის მუნიციპალიტეტებსა და თვითმმართველ ქალაქ რუსთავში,SpendingAgency,"Administration of the State Representative – Governor in BOLNISI,
GARDABANI, DMANISI, TETRI TSKARO, MARNEULI, TSALKA
Municipalities and the Self-Governing City of RUSTAVI"
36 00,საქართველოს ენერგეტიკისა და ბუნებრივი რესურსების სამინისტრო,SpendingAgency,Ministry of Enegry of Georgia
13 00,"სახელმწიფო რწმუნებულის - გუბერნატორის ადმინისტრაცია ბაღდათის, ვანის, ზესტაფონის, თერჯოლის, სამტრედიის, საჩხერის, ტყიბულის, წყალტუბოს, ჭიათურის, ხარაგაულის, ხონის მუნიციპალიტეტებსა და თვითმმართველ ქალაქ ქუთაისში",SpendingAgency,"Administration of the State Representative – Governor in
BAGHDATI, VANI, ZESTAPONI, SAMTREDIA, SACHKHERE,
TKIBULI, TSKALTUBO, CHIATURA, KHARAGAULI, KHONI
Municipalities and the Self-Governing City of KUTAISI"
53 00,სსიპ - იურიდიული დახმარების სამსახური,SpendingAgency,LEPL Legal AID Service
14 00,"სახელმწიფო რწმუნებულის - გუბერნატორის ადმინისტრაცია ახმეტის, გურჯაანის, დედოფლისწყაროს, თელავის, ლაგოდეხის, საგარეჯოს, სიღნაღისა და ყვარლის მუნიციპალიტეტებში",SpendingAgency,"Administration of the State Representative – Governor in
AKHMETA, GURJAAANI, DEDOPLISTSKARO, TELAVI,
LAGODEKHI, SAGAREJO, SIGHNAGHI and KVARELI
Municipalities"
02 00,საქართველოს პრეზიდენტის ადმინისტრაცია,SpendingAgency,Administration of the President of Georgia
56 00,სსიპ - საქართველოს ფინანსური მონიტორინგის სამსახური,SpendingAgency,LEPL Financial Monitoring Service of Georgia
08 00,საქართველოს უზენაესი სასამართლო,SpendingAgency,Supreme Court Of Georgia
04 00,საქართველოს მთავრობის ადმინისტრაცია,SpendingAgency,State Chancellery Of The Government Of Georgia
19 00,სახელმწიფო რწმუნებულის - გუბერნატორის ადმინისტრაცია გორის კასპის ქარელისა და ხაშურის მუნიციპალიტეტებში,SpendingAgency,"Administration of the State Representative – Governor in GORI,
KASPI, KARELI and KHASHURI Municipalities"
37 00,საქართველოს სოფლის მეურნეობის სამინისტრო,SpendingAgency,Ministry of Agriculture of Georgia
15 00,სახელმწიფო რწმუნებულის - გუბერნატორის ადმინისტრაცია დუშეთის თიანეთის მცხეთისა და ყაზბეგის მუნიციპალიტეტებში,SpendingAgency,"Administration of the State Representative – Governor in DUSHETI,
TIANETI, MTSKHETA and KAZBEDI Municipalities"
48 00,სსიპ საქართველოს დაზღვევის სახელმწიფო ზედამხედველობის სამსახური,SpendingAgency,"NNLP – Central Referral Laboratory of Public
Healthcare"
43 00,სსიპ - კონკურენციის სააგენტო,SpendingAgency,LEPL – Competition And Public Procurement Agency
64 00,სსიპ - საქართველოს ინტელექტუალური საკუთრების ეროვნული ცენტრი - „საქპატენტი“,SpendingAgency,"National Intellectual Property Center - ""Sakpatenti"""
11 00,"სახელმწიფო რწმუნებულის - გუბერნატორის ადმინისტრაცია აბაშის, ზუგდიდის, მარტვილის, მესტიის, სენაკის, ჩხოროწყუს, წალენჯიხის, ხობის მუნიციპალიტეტებში, ქალაქ ფოთისა და ქალაქ ზუგდიდის მუნიციპალიტეტებში",SpendingAgency,"Administration of the State Representative – Governor in ABASHA,
ZUGDIDI, MARTVILI, MESTIA, SENAKI, CHKHOROTSKU,
TSALENJIKHA, KHOBI Municipalities and the Municipalities of Poti and Zugdidi"
15 00,"სახელმწიფო რწმუნებულის - გუბერნატორის ადმინისტრაცია დუშეთის, თიანეთის, მცხეთისა და ყაზბეგის მუნიციპალიტეტებში",SpendingAgency,"Administration of the State Representative – Governor in DUSHETI, TIANETI, MTSKHETA and KAZBEDI Municipalities"
01 00,საქართველოს პარლამენტი და მასთან არსებული ორგანიზაციები,SpendingAgency,Georgian Parliament and Governmental Organizations
16 00,"სახელმწიფო რწმუნებულის - გუბერნატორის ადმინისტრაცია ამბროლაურის, ლენტეხის, ონისა და ცაგერის მუნიციპალიტეტებში",SpendingAgency,"Administration of the State Representative – Governor in
AMBROLAURI, LENTEKHI, ONI and TSAGERI Municipalities"
40 00,საქართველოს სახელმწიფო დაცვის სპეციალური სამსახური,SpendingAgency,Special Security Service Of Georgia
42 00,სსიპ - საზოგადოებრივი მაუწყებელი,SpendingAgency,LEPL – Public Broadcaster
50 00,დასაქმების საკითხებში საქართველოს სახელმწიფო მინისტრის აპარატი,SpendingAgency,Office of the State Minister of Georgia for Employment 
17 00,"სახელმწიფო რწმუნებულის - გუბერნატორის ადმინისტრაცია ადიგენის, ასპინძის, ახალციხის, ახალქალაქის, ბორჯომისა და ნინოწმინდის მუნიციპალიტეტებში",SpendingAgency,"Administration of the State Representative – Governor in ADIGENI,
ASPINDZA, AKHALTSIKHE, AKHALKALAKI, BORJOMI and
NINOTSMINDA Municipalities"
18 00,"სახელმწიფო რწმუნებულის - გუბერნატორის ადმინისტრაცია ბოლნისის, გარდაბნის, დმანისის, თეთრი წყაროს, მარნეულის, წალკის მუნიციპალიტეტებსა და თვითმმართველ ქალაქ რუსთავში",SpendingAgency,"Administration of the State Representative – Governor in BOLNISI,
GARDABANI, DMANISI, TETRI TSKARO, MARNEULI, TSALKA
Municipalities and the Self-Governing City of RUSTAVI"
19 00,"სახელმწიფო რწმუნებულის - გუბერნატორის ადმინისტრაცია გორის, კასპის, ქარელისა და ხაშურის მუნიციპალიტეტებში",SpendingAgency,"Administration of the State Representative – Governor in GORI,
KASPI, KARELI and KHASHURI Municipalities"
49 00,საერთო სახელმწიფოებრივი მნიშვნელობის გადასახდელები,SpendingAgency,General State Importance Expenditures
59 00,საქართველოს სახელმწიფო უსაფრთხოებისა და კრიზისების მართვის საბჭოს აპარატი,SpendingAgency,State Security And Crisis Management Council
15 00,"სახელმწიფო რწმუნებულის - გუბერნატორის ადმინისტრაცია დუშეთის, თიანეთის, მცხეთის, ყაზბეგის მუნიციპალიტეტებსა და ქალაქ მცხეთის მუნიციპალიტეტში",SpendingAgency,"Administration of the State Representative – Governor in DUSHETI,
TIANETI, MTSKHETA and KAZBEDI Municipalities and Municipality of MTSKETA"
46 00,სსიპ - ლევან სამხარაულის სახელობის სასამართლო ექსპერტიზის ეროვნული ბიურო,SpendingAgency,"LEPL – National Forensics Bureau Named After Levan
Samkharauli"
47 00,სსიპ - საქართველოს სტატისტიკის ეროვნული სამსახური - საქსტატი,SpendingAgency,NNLP - National Statistic Office of Georgia - Geostat
48 00,ა(ა)იპ - საზოგადოებრივი ჯანდაცვის ცენტრალური რეფერალური ლაბორატორია,SpendingAgency,"NNLP – Central Referral Laboratory of Public
Healthcare"
60 00,სახელმწიფო უსაფრთხოების სამსახური,SpendingAgency,State Security Service
54 00,სსიპ - ვეტერანების საქმეთა სახელმწიფო სამსახური,SpendingAgency,NNLP - Vetterans Affairs State Office
44 00,ყოფილი სამხრეთ ოსეთის ავტონომიური ოლქის ტერიტორიაზე დროებითი ადმინისტრაციულ-ტერიტორიული ერთეულის ადმინისტრაცია - სამხრეთ ოსეთის ადმინისტრაცია,SpendingAgency,Administration Of South Ossetia
36 00,საქართველოს ენერგეტიკის სამინისტრო,SpendingAgency,Ministry of Enegry of Georgia
51 00,პერსონალურ მონაცემთა დაცვის ინსპექტორის აპარატი,SpendingAgency,Office Of The Personal Data Protection Inspector
57 00,ა(ა)იპ - საქართველოს სოლიდარობის ფონდი,SpendingAgency,NNLP Solidarity Fund of Georgia
60 00,საქართველოს სახელმწიფო უსაფრთხოების სამსახური,SpendingAgency,State Security Service
55 00,სსიპ - რელიგიის საკითხთა სახელმწიფო სააგენტო,SpendingAgency,NNLP State Agency For Religious Issues
18 00,"სახელმწიფო რწმუნებულის - გუბერნატორის ადმინისტრაცია ბოლნისის, გარდაბნის, დმანისის, თეთრი წყაროს, მარნეულის, წალკის მუნიციპალიტეტებსა და ქალაქ რუსთავის მუნიციპალიტეტში",SpendingAgency,"Administration of the State Representative – Governor in BOLNISI,
GARDABANI, DMANISI, TETRI TSKARO, MARNEULI, TSALKA
Municipalities and the Self-Governing City of RUSTAVI"
52 00,სავაჭრო სამრეწველო პალატა,SpendingAgency,Georgian Chamber of Commerce and Industry
11 00,სახელმწიფო რწმუნებულის - გუბერნატორის ადმინისტრაცია აბაშის ზუგდიდის მარტვილის მესტიის სენაკის ჩხოროწყუს წალენჯიხის ხობის მუნიციპალიტეტებსა და თვითმმართველ ქალაქ ფოთში,SpendingAgency,"Administration of the State Representative – Governor in ABASHA,
ZUGDIDI, MARTVILI, MESTIA, SENAKI, CHKHOROTSKU,
TSALENJIKHA, KHOBI Municipalities and the Local Self-
Governing City of POTI"
16 00,"სახელმწიფო რწმუნებულის - გუბერნატორის ადმინისტრაცია ამბროლაურის, ლენტეხის, ონის, ცაგერის მუნიციპალიტეტებსა და ქალაქ ამბროლაურის მუნიციპალიტეტში",SpendingAgency,"Administration of the State Representative – Governor in
AMBROLAURI, LENTEKHI, ONI, TSAGERI Municipalities and AMBROLAURI Municipality"
28 00,საქართველოს საგარეო საქმეთა სამინისტრო,SpendingAgency,Ministry of Foreign Affairs of Georgia
50 00,სსიპ საჯარო სამსახურის ბიურო,SpendingAgency,NNLP Civil Service Bureau
12 00,სახელმწიფო რწმუნებულის - გუბერნატორის ადმინისტრაცია ლანჩხუთის ოზურგეთისა და ჩოხატაურის მუნიციპალიტეტებში,SpendingAgency,"Administration of the State Representative – Governor in
LANCHKHUTI, OZURGETI and CHOKHATAURI Municipalities"
61 00,სსიპ - სახელმწიფო ენის დეპარტამენტი,SpendingAgency,NNLP State Language Department 
17 00,"სახელმწიფო რწმუნებულის - გუბერნატორის ადმინისტრაცია ადიგენის, ასპინძის, ახალციხის, ახალქალაქის, ბორჯომის, ნინოწმინდის მუნიციპალიტეტებსა და ქალაქ ახალციხის მუნიციპალიტეტში",SpendingAgency,"Administration of the State Representative – Governor in ADIGENI,
ASPINDZA, AKHALTSIKHE, AKHALKALAKI, BORJOMI,
NINOTSMINDA Municipalities and AKHALKALAKI Municipality"
11 00,"სახელმწიფო რწმუნებულის - გუბერნატორის ადმინისტრაცია აბაშის, ზუგდიდის, მარტვილის, მესტიის, სენაკის, ჩხოროწყუს, წალენჯიხის, ხობის მუნიციპალიტეტებსა და ქალაქ ფოთსა და ქალაქ ზუგდიდის მუნიციპალიტეტებში",SpendingAgency,"Administration of the State Representative – Governor in ABASHA, ZUGDIDI, MARTVILI, MESTIA, SENAKI, CHKHOROTSKU, TSALENJIKHA, KHOBI Municipalities and City Municipalities of Poti and Zugdidi"